"","dteday","season","yr","mnth","holiday","weekday","workingday","weathersit","temp","atemp","hum","windspeed","casual","registered","cnt","week","growths","avgs"
"1",2011-01-08,"1","0","1",FALSE,"6",FALSE,"2",6.765,8.1127,53.5833,17.875868,68,891,959,2,0.88749601614788,1193.42857142857
"2",2011-01-09,"1","0","1",FALSE,"0",FALSE,"1",5.671653,5.80875,43.4167,24.25065,54,768,822,2,0.88749601614788,1193.42857142857
"3",2011-01-10,"1","0","1",FALSE,"1",TRUE,"1",6.184153,7.5444,48.2917,14.958889,41,1280,1321,2,0.88749601614788,1193.42857142857
"4",2011-01-11,"1","0","1",FALSE,"2",TRUE,"2",6.932731,9.5732,68.6364,8.182844,43,1220,1263,2,0.88749601614788,1193.42857142857
"5",2011-01-12,"1","0","1",FALSE,"3",TRUE,"1",7.081807,8.02365,59.9545,20.410009,25,1137,1162,2,0.88749601614788,1193.42857142857
"6",2011-01-13,"1","0","1",FALSE,"4",TRUE,"1",6.765,7.54415,47.0417,20.167,38,1368,1406,2,0.88749601614788,1193.42857142857
"7",2011-01-14,"1","0","1",FALSE,"5",TRUE,"1",6.59567,9.42065,53.7826,8.478716,54,1367,1421,2,0.88749601614788,1193.42857142857
"8",2011-01-15,"1","0","1",FALSE,"6",FALSE,"2",9.566653,12.4056,49.875,10.583521,222,1026,1248,3,1.10785252573617,1322.14285714286
"9",2011-01-16,"1","0","1",FALSE,"0",FALSE,"1",9.498347,11.71085,48.375,12.625011,251,953,1204,3,1.10785252573617,1322.14285714286
"10",2011-01-17,"1","0","1",TRUE,"1",FALSE,"2",7.209153,8.83855,53.75,12.999139,117,883,1000,3,1.10785252573617,1322.14285714286
"11",2011-01-18,"1","0","1",FALSE,"2",TRUE,"2",8.883347,11.61665,86.1667,9.833925,9,674,683,3,1.10785252573617,1322.14285714286
"12",2011-01-19,"1","0","1",FALSE,"3",TRUE,"2",11.979134,14.9211,74.1739,13.957239,78,1572,1650,3,1.10785252573617,1322.14285714286
"13",2011-01-20,"1","0","1",FALSE,"4",TRUE,"2",10.728347,12.7525,53.8333,13.125568,83,1844,1927,3,1.10785252573617,1322.14285714286
"14",2011-01-21,"1","0","1",FALSE,"5",TRUE,"1",7.2775,7.89165,45.7083,23.667214,75,1468,1543,3,1.10785252573617,1322.14285714286
"15",2011-01-22,"1","0","1",FALSE,"6",FALSE,"1",2.4243464,3.95348,40,11.52199,93,888,981,4,0.807347379794705,1067.42857142857
"16",2011-01-23,"1","0","1",FALSE,"0",FALSE,"1",3.9573897,4.941955,43.6522,16.5222,150,836,986,4,0.807347379794705,1067.42857142857
"17",2011-01-24,"1","0","1",FALSE,"1",TRUE,"1",3.9930433,5.8965,49.1739,10.60811,86,1330,1416,4,0.807347379794705,1067.42857142857
"18",2011-01-25,"1","0","1",FALSE,"2",TRUE,"2",9.162598,11.7263,61.6957,8.696332,186,1799,1985,4,0.807347379794705,1067.42857142857
"19",2011-01-26,"1","0","1",FALSE,"3",TRUE,"3",8.9175,10.18,86.25,19.68795,34,472,506,4,0.807347379794705,1067.42857142857
"20",2011-01-27,"1","0","1",FALSE,"4",TRUE,"1",7.995,10.985,68.75,7.627079,15,416,431,4,0.807347379794705,1067.42857142857
"21",2011-01-28,"1","0","1",FALSE,"5",TRUE,"2",8.342598,11.16585,79.3043,8.2611,38,1129,1167,4,0.807347379794705,1067.42857142857
"22",2011-01-29,"1","0","1",FALSE,"6",FALSE,"1",8.057402,10.6063,65.1739,9.739455,123,975,1098,5,1.31678265524625,1405.57142857143
"23",2011-01-30,"1","0","1",FALSE,"0",FALSE,"1",8.877402,12.5161,72.2174,4.9568342,140,956,1096,5,1.31678265524625,1405.57142857143
"24",2011-01-31,"1","0","1",FALSE,"1",TRUE,"2",7.414153,9.3125,60.375,12.541864,42,1459,1501,5,1.31678265524625,1405.57142857143
"25",2011-02-01,"1","0","2",FALSE,"2",TRUE,"2",7.879134,11.7265,82.9565,3.565271,47,1313,1360,5,1.31678265524625,1405.57142857143
"26",2011-02-02,"1","0","2",FALSE,"3",TRUE,"2",10.66,12.72085,77.5417,17.708636,72,1454,1526,5,1.31678265524625,1405.57142857143
"27",2011-02-03,"1","0","2",FALSE,"4",TRUE,"1",7.665237,8.8939,43.7826,18.609384,61,1489,1550,5,1.31678265524625,1405.57142857143
"28",2011-02-04,"1","0","2",FALSE,"5",TRUE,"2",8.663464,11.42935,58.5217,8.565213,88,1620,1708,5,1.31678265524625,1405.57142857143
"29",2011-02-05,"1","0","2",FALSE,"6",FALSE,"2",9.566653,12.1529,92.9167,10.792293,100,905,1005,6,1.09350543754447,1537
"30",2011-02-06,"1","0","2",FALSE,"0",FALSE,"1",11.719153,14.58355,56.8333,9.5006,354,1269,1623,6,1.09350543754447,1537
"31",2011-02-07,"1","0","2",FALSE,"1",TRUE,"1",11.138347,15.1829,73.8333,3.0423561,120,1592,1712,6,1.09350543754447,1537
"32",2011-02-08,"1","0","2",FALSE,"2",TRUE,"1",9.054153,9.9123,53.7917,24.25065,64,1466,1530,6,1.09350543754447,1537
"33",2011-02-09,"1","0","2",FALSE,"3",TRUE,"2",5.526103,7.21415,49.4783,12.652213,53,1552,1605,6,1.09350543754447,1537
"34",2011-02-10,"1","0","2",FALSE,"4",TRUE,"1",5.918268,7.4774,43.7391,14.869645,47,1491,1538,6,1.09350543754447,1537
"35",2011-02-11,"1","0","2",FALSE,"5",TRUE,"1",7.752731,10.67545,50.6364,7.27285,149,1597,1746,6,1.09350543754447,1537
"36",2011-02-12,"1","0","2",FALSE,"6",FALSE,"1",9.1225,11.6477,54.4167,13.625589,288,1184,1472,7,1.32967747931964,2043.71428571429
"37",2011-02-13,"1","0","2",FALSE,"0",FALSE,"1",12.977402,16.20565,45.7391,17.479161,397,1192,1589,7,1.32967747931964,2043.71428571429
"38",2011-02-14,"1","0","2",FALSE,"1",TRUE,"1",17.015,19.9175,37.5833,27.999836,208,1705,1913,7,1.32967747931964,2043.71428571429
"39",2011-02-15,"1","0","2",FALSE,"2",TRUE,"1",10.909567,12.7137,31.4348,19.522058,140,1675,1815,7,1.32967747931964,2043.71428571429
"40",2011-02-16,"1","0","2",FALSE,"3",TRUE,"1",13.048701,15.81,42.3478,16.869997,218,1897,2115,7,1.32967747931964,2043.71428571429
"41",2011-02-17,"1","0","2",FALSE,"4",TRUE,"1",17.869153,21.4329,50.5,15.416968,259,2216,2475,7,1.32967747931964,2043.71428571429
"42",2011-02-18,"1","0","2",FALSE,"5",TRUE,"1",21.388347,25.59915,51.6667,17.749975,579,2348,2927,7,1.32967747931964,2043.71428571429
"43",2011-02-19,"1","0","2",FALSE,"6",FALSE,"1",16.365847,19.5702,18.7917,34.000021,532,1103,1635,8,0.782119390465539,1598.42857142857
"44",2011-02-20,"1","0","2",FALSE,"0",FALSE,"1",11.693897,13.8665,40.7826,14.956745,639,1173,1812,8,0.782119390465539,1598.42857142857
"45",2011-02-21,"1","0","2",TRUE,"1",FALSE,"2",12.436653,14.20375,60.5,20.625682,195,912,1107,8,0.782119390465539,1598.42857142857
"46",2011-02-22,"1","0","2",FALSE,"2",TRUE,"1",7.471102,9.30165,57.7778,13.110761,74,1376,1450,8,0.782119390465539,1598.42857142857
"47",2011-02-23,"1","0","2",FALSE,"3",TRUE,"1",9.091299,12.28585,42.3043,6.305571,139,1778,1917,8,0.782119390465539,1598.42857142857
"48",2011-02-24,"1","0","2",FALSE,"4",TRUE,"2",12.121732,14.45955,69.7391,16.783232,100,1707,1807,8,0.782119390465539,1598.42857142857
"49",2011-02-25,"1","0","2",FALSE,"5",TRUE,"2",14.938268,17.52305,71.2174,23.218113,120,1341,1461,8,0.782119390465539,1598.42857142857
"50",2011-02-26,"1","0","2",FALSE,"6",FALSE,"1",11.5825,14.1096,53.7917,12.500257,424,1545,1969,9,1.20037536866565,1918.71428571429
"51",2011-02-27,"1","0","2",FALSE,"0",FALSE,"1",14.082598,17.55545,68,8.391616,694,1708,2402,9,1.20037536866565,1918.71428571429
"52",2011-02-28,"1","0","2",FALSE,"1",TRUE,"2",16.698193,20.0059,87.6364,19.408962,81,1365,1446,9,1.20037536866565,1918.71428571429
"53",2011-03-01,"1","0","3",FALSE,"2",TRUE,"1",10.933347,13.19395,53.5,14.500475,137,1714,1851,9,1.20037536866565,1918.71428571429
"54",2011-03-02,"1","0","3",FALSE,"3",TRUE,"1",13.735,16.00355,44.9583,20.624811,231,1903,2134,9,1.20037536866565,1918.71428571429
"55",2011-03-03,"1","0","3",FALSE,"4",TRUE,"1",8.131653,10.00665,31.8333,15.125518,123,1562,1685,9,1.20037536866565,1918.71428571429
"56",2011-03-04,"1","0","3",FALSE,"5",TRUE,"2",10.728347,12.78395,61.0417,13.624182,214,1730,1944,9,1.20037536866565,1918.71428571429
"57",2011-03-05,"1","0","3",FALSE,"6",FALSE,"2",15.750847,18.93895,78.9167,16.875357,640,1437,2077,10,0.83225374134465,1596.85714285714
"58",2011-03-06,"1","0","3",FALSE,"0",FALSE,"2",15.437402,18.3126,94.8261,23.000229,114,491,605,10,0.83225374134465,1596.85714285714
"59",2011-03-07,"1","0","3",FALSE,"1",TRUE,"1",10.731299,11.92305,55.1304,22.870584,244,1628,1872,10,0.83225374134465,1596.85714285714
"60",2011-03-08,"1","0","3",FALSE,"2",TRUE,"1",11.9925,15.12,42.0833,8.08355,316,1817,2133,10,0.83225374134465,1596.85714285714
"61",2011-03-09,"1","0","3",FALSE,"3",TRUE,"2",12.129153,14.3304,77.5417,14.75005,191,1700,1891,10,0.83225374134465,1596.85714285714
"62",2011-03-10,"1","0","3",FALSE,"4",TRUE,"3",15.952731,19.2834,0,17.545759,46,577,623,10,0.83225374134465,1596.85714285714
"63",2011-03-11,"1","0","3",FALSE,"5",TRUE,"2",12.977402,15.25,64.9565,15.60899,247,1730,1977,10,0.83225374134465,1596.85714285714
"64",2011-03-12,"1","0","3",FALSE,"6",FALSE,"1",13.495847,16.2875,59.4583,14.791925,724,1408,2132,11,1.50527822508499,2403.71428571429
"65",2011-03-13,"1","0","3",FALSE,"0",FALSE,"1",15.758268,19.00455,52.7391,18.130468,982,1435,2417,11,1.50527822508499,2403.71428571429
"66",2011-03-14,"1","0","3",FALSE,"1",TRUE,"1",13.333897,16.6,49.6957,9.174042,359,1687,2046,11,1.50527822508499,2403.71428571429
"67",2011-03-15,"1","0","3",FALSE,"2",TRUE,"2",13.013031,15.9089,65.5652,12.348703,289,1767,2056,11,1.50527822508499,2403.71428571429
"68",2011-03-16,"1","0","3",FALSE,"3",TRUE,"2",14.973897,18.3465,77.6522,13.608839,321,1871,2192,11,1.50527822508499,2403.71428571429
"69",2011-03-17,"1","0","3",FALSE,"4",TRUE,"1",17.015,20.51665,60.2917,14.041793,424,2320,2744,11,1.50527822508499,2403.71428571429
"70",2011-03-18,"1","0","3",FALSE,"5",TRUE,"1",22.14,26.35045,52.5217,15.478139,884,2355,3239,11,1.50527822508499,2403.71428571429
"71",2011-03-19,"1","0","3",FALSE,"6",FALSE,"1",19.3725,23.32625,37.9167,24.667189,1424,1693,3117,12,0.984428860097468,2366.28571428571
"72",2011-03-20,"1","0","3",FALSE,"0",FALSE,"1",13.6325,16.2875,47.375,13.917307,1047,1424,2471,12,0.984428860097468,2366.28571428571
"73",2011-03-21,"2","0","3",FALSE,"1",TRUE,"2",17.647835,20.48675,73.7391,19.348461,401,1676,2077,12,0.984428860097468,2366.28571428571
"74",2011-03-22,"2","0","3",FALSE,"2",TRUE,"1",18.108347,22.0321,62.4583,15.12525,460,2243,2703,12,0.984428860097468,2366.28571428571
"75",2011-03-23,"2","0","3",FALSE,"3",TRUE,"2",14.225237,16.89695,83.9565,15.695487,203,1918,2121,12,0.984428860097468,2366.28571428571
"76",2011-03-24,"2","0","3",FALSE,"4",TRUE,"2",11.685,13.54165,80.5833,16.333729,166,1699,1865,12,0.984428860097468,2366.28571428571
"77",2011-03-25,"2","0","3",FALSE,"5",TRUE,"1",10.830847,12.8156,49.5,15.458575,300,1910,2210,12,0.984428860097468,2366.28571428571
"78",2011-03-26,"2","0","3",FALSE,"6",FALSE,"1",10.899153,12.87855,39.4167,14.041257,981,1515,2496,13,0.850639942042985,2012.85714285714
"79",2011-03-27,"2","0","3",FALSE,"0",FALSE,"2",10.374763,12.51695,49.3913,12.3481,472,1221,1693,13,0.850639942042985,2012.85714285714
"80",2011-03-28,"2","0","3",FALSE,"1",TRUE,"1",10.838268,12.8787,30.2174,14.217668,222,1806,2028,13,0.850639942042985,2012.85714285714
"81",2011-03-29,"2","0","3",FALSE,"2",TRUE,"1",12.4025,14.6454,31.4167,15.208732,317,2108,2425,13,0.850639942042985,2012.85714285714
"82",2011-03-30,"2","0","3",FALSE,"3",TRUE,"2",12.3,14.8675,64.6667,11.583496,168,1368,1536,13,0.850639942042985,2012.85714285714
"83",2011-03-31,"2","0","3",FALSE,"4",TRUE,"3",11.001653,12.87875,91.8333,14.582282,179,1506,1685,13,0.850639942042985,2012.85714285714
"84",2011-04-01,"2","0","4",FALSE,"5",TRUE,"2",12.3,14.1727,68.625,17.333436,307,1920,2227,13,0.850639942042985,2012.85714285714
"85",2011-04-02,"2","0","4",FALSE,"6",FALSE,"2",12.915,15.78185,65.375,13.208782,898,1354,2252,14,1.26550745209368,2547.28571428571
"86",2011-04-03,"2","0","4",FALSE,"0",FALSE,"1",15.511653,18.93835,48,12.208271,1651,1598,3249,14,1.26550745209368,2547.28571428571
"87",2011-04-04,"2","0","4",FALSE,"1",TRUE,"1",23.506653,27.14645,42.625,25.833257,734,2381,3115,14,1.26550745209368,2547.28571428571
"88",2011-04-05,"2","0","4",FALSE,"2",TRUE,"2",16.980847,19.9175,64.2083,26.000489,167,1628,1795,14,1.26550745209368,2547.28571428571
"89",2011-04-06,"2","0","4",FALSE,"3",TRUE,"1",16.024153,19.3804,47.0833,17.625221,413,2395,2808,14,1.26550745209368,2547.28571428571
"90",2011-04-07,"2","0","4",FALSE,"4",TRUE,"1",17.9375,21.6848,60.2917,10.874904,571,2570,3141,14,1.26550745209368,2547.28571428571
"91",2011-04-08,"2","0","4",FALSE,"5",TRUE,"2",13.769153,16.22395,83.625,15.208464,172,1299,1471,14,1.26550745209368,2547.28571428571
"92",2011-04-09,"2","0","4",FALSE,"6",FALSE,"2",14.0425,17.07645,87.75,8.916561,879,1576,2455,15,1.081655543716,2755.28571428571
"93",2011-04-10,"2","0","4",FALSE,"0",FALSE,"2",17.493347,21.33685,85.75,9.833389,1188,1707,2895,15,1.081655543716,2755.28571428571
"94",2011-04-11,"2","0","4",FALSE,"1",TRUE,"2",24.421732,28.26085,71.6956,21.739758,855,2493,3348,15,1.081655543716,2755.28571428571
"95",2011-04-12,"2","0","4",FALSE,"2",TRUE,"2",20.6025,24.6527,73.9167,18.416893,257,1777,2034,15,1.081655543716,2755.28571428571
"96",2011-04-13,"2","0","4",FALSE,"3",TRUE,"2",16.9125,20.86415,81.9167,16.791339,209,1953,2162,15,1.081655543716,2755.28571428571
"97",2011-04-14,"2","0","4",FALSE,"4",TRUE,"1",19.1675,23.1371,54.0417,7.4169,529,2738,3267,15,1.081655543716,2755.28571428571
"98",2011-04-15,"2","0","4",TRUE,"5",FALSE,"1",18.313347,22.09565,67.125,15.167125,642,2484,3126,15,1.081655543716,2755.28571428571
"99",2011-04-16,"2","0","4",FALSE,"6",FALSE,"3",17.664153,21.2746,88.8333,22.834136,121,674,795,16,1.08819412039197,2998.28571428571
"100",2011-04-17,"2","0","4",FALSE,"0",FALSE,"1",18.723347,22.2848,47.9583,20.334232,1558,2186,3744,16,1.08819412039197,2998.28571428571
"101",2011-04-18,"2","0","4",FALSE,"1",TRUE,"1",21.0125,25.1573,54.25,10.958989,669,2760,3429,16,1.08819412039197,2998.28571428571
"102",2011-04-19,"2","0","4",FALSE,"2",TRUE,"2",20.739153,24.4629,66.5833,10.584057,409,2795,3204,16,1.08819412039197,2998.28571428571
"103",2011-04-20,"2","0","4",FALSE,"3",TRUE,"1",24.395,28.2196,61.4167,16.208975,613,3331,3944,16,1.08819412039197,2998.28571428571
"104",2011-04-21,"2","0","4",FALSE,"4",TRUE,"1",18.825847,22.6946,40.7083,21.792286,745,3444,4189,16,1.08819412039197,2998.28571428571
"105",2011-04-22,"2","0","4",FALSE,"5",TRUE,"2",13.803347,16.0977,72.9583,14.707907,177,1506,1683,16,1.08819412039197,2998.28571428571
"106",2011-04-23,"2","0","4",FALSE,"6",FALSE,"2",18.86,22.50605,88.7917,15.458575,1462,2574,4036,17,1.39246235944349,4175
"107",2011-04-24,"2","0","4",FALSE,"0",FALSE,"2",23.848347,27.58815,81.0833,12.875725,1710,2481,4191,17,1.39246235944349,4175
"108",2011-04-25,"2","0","4",FALSE,"1",TRUE,"1",24.873347,28.725,77.6667,12.417311,773,3300,4073,17,1.39246235944349,4175
"109",2011-04-26,"2","0","4",FALSE,"2",TRUE,"1",25.898347,29.70415,72.9167,21.8755,678,3722,4400,17,1.39246235944349,4175
"110",2011-04-27,"2","0","4",FALSE,"3",TRUE,"2",25.42,28.7571,83.5417,20.9174,547,3325,3872,17,1.39246235944349,4175
"111",2011-04-28,"2","0","4",FALSE,"4",TRUE,"2",25.3175,28.94645,70.0833,21.500836,569,3489,4058,17,1.39246235944349,4175
"112",2011-04-29,"2","0","4",FALSE,"5",TRUE,"1",20.91,24.87315,45.7083,16.084221,878,3717,4595,17,1.39246235944349,4175
"113",2011-04-30,"2","0","4",FALSE,"6",FALSE,"1",19.3725,23.20105,50.3333,15.750025,1965,3347,5312,18,0.998768177929855,4169.85714285714
"114",2011-05-01,"2","0","5",FALSE,"0",FALSE,"2",18.518347,22.4102,76.2083,7.125718,1138,2213,3351,18,0.998768177929855,4169.85714285714
"115",2011-05-02,"2","0","5",FALSE,"1",TRUE,"2",22.515847,26.64165,73,12.291418,847,3554,4401,18,0.998768177929855,4169.85714285714
"116",2011-05-03,"2","0","5",FALSE,"2",TRUE,"2",25.283347,29.10395,69.7083,22.958689,603,3848,4451,18,0.998768177929855,4169.85714285714
"117",2011-05-04,"2","0","5",FALSE,"3",TRUE,"2",16.980847,20.2325,73.7083,22.042732,255,2378,2633,18,0.998768177929855,4169.85714285714
"118",2011-05-05,"2","0","5",FALSE,"4",TRUE,"1",18.825847,22.09585,44.4167,19.791264,614,3819,4433,18,0.998768177929855,4169.85714285714
"119",2011-05-06,"2","0","5",FALSE,"5",TRUE,"1",19.645847,23.70585,59,15.292482,894,3714,4608,18,0.998768177929855,4169.85714285714
"120",2011-05-07,"2","0","5",FALSE,"6",FALSE,"1",21.32,25.63105,54.125,10.75015,1612,3102,4714,19,1.0744801123711,4480.42857142857
"121",2011-05-08,"2","0","5",FALSE,"0",FALSE,"1",21.661653,25.94665,63.1667,5.0007125,1401,2932,4333,19,1.0744801123711,4480.42857142857
"122",2011-05-09,"2","0","5",FALSE,"1",TRUE,"1",21.8325,26.2623,58.875,11.792,664,3698,4362,19,1.0744801123711,4480.42857142857
"123",2011-05-10,"2","0","5",FALSE,"2",TRUE,"1",21.8325,26.13605,48.9167,7.749957,694,4109,4803,19,1.0744801123711,4480.42857142857
"124",2011-05-11,"2","0","5",FALSE,"3",TRUE,"1",22.2425,26.42,63.2917,8.083014,550,3632,4182,19,1.0744801123711,4480.42857142857
"125",2011-05-12,"2","0","5",FALSE,"4",TRUE,"1",21.935,26.16815,74.75,12.707689,695,4169,4864,19,1.0744801123711,4480.42857142857
"126",2011-05-13,"2","0","5",FALSE,"5",TRUE,"2",21.0125,24.715,86.3333,12.041575,692,3413,4105,19,1.0744801123711,4480.42857142857
"127",2011-05-14,"2","0","5",FALSE,"6",FALSE,"2",21.354153,25.03145,92.25,9.04165,902,2507,3409,20,0.937091477218378,4198.57142857143
"128",2011-05-15,"2","0","5",FALSE,"0",FALSE,"2",23.0625,26.8,86.7083,10.249593,1582,2971,4553,20,0.937091477218378,4198.57142857143
"129",2011-05-16,"2","0","5",FALSE,"1",TRUE,"1",23.6775,27.5256,78.7917,8.500357,773,3185,3958,20,0.937091477218378,4198.57142857143
"130",2011-05-17,"2","0","5",FALSE,"2",TRUE,"2",23.028347,26.92645,83.7917,18.582718,678,3445,4123,20,0.937091477218378,4198.57142857143
"131",2011-05-18,"2","0","5",FALSE,"3",TRUE,"2",22.55,26.3579,87,13.499964,536,3319,3855,20,0.937091477218378,4198.57142857143
"132",2011-05-19,"2","0","5",FALSE,"4",TRUE,"2",21.764153,25.5371,82.9583,7.250271,735,3840,4575,20,0.937091477218378,4198.57142857143
"133",2011-05-20,"2","0","5",FALSE,"5",TRUE,"1",22.003347,26.4521,71.9583,8.375871,909,4008,4917,20,0.937091477218378,4198.57142857143
"134",2011-05-21,"2","0","5",FALSE,"6",FALSE,"1",24.7025,28.59875,62.6667,8.08355,2258,3547,5805,21,1.14205512078938,4795
"135",2011-05-22,"2","0","5",FALSE,"0",FALSE,"1",24.770847,28.725,74.9583,9.916536,1576,3084,4660,21,1.14205512078938,4795
"136",2011-05-23,"2","0","5",FALSE,"1",TRUE,"2",25.898347,29.5148,81,15.667414,836,3438,4274,21,1.14205512078938,4795
"137",2011-05-24,"2","0","5",FALSE,"2",TRUE,"2",27.06,30.24065,74.0833,13.875164,659,3833,4492,21,1.14205512078938,4795
"138",2011-05-25,"2","0","5",FALSE,"3",TRUE,"1",27.094153,30.7771,69.625,10.333611,740,4238,4978,21,1.14205512078938,4795
"139",2011-05-26,"2","0","5",FALSE,"4",TRUE,"1",29.041653,32.7344,67.75,13.376014,758,3919,4677,21,1.14205512078938,4795
"140",2011-05-27,"2","0","5",FALSE,"5",TRUE,"1",27.948347,31.8504,65.375,16.125493,871,3808,4679,21,1.14205512078938,4795
"141",2011-05-28,"2","0","5",FALSE,"6",FALSE,"1",26.889153,30.61895,72.9583,15.416164,2001,2757,4758,22,0.949798897661254,4554.28571428571
"142",2011-05-29,"2","0","5",FALSE,"0",FALSE,"1",27.3675,30.7775,81.875,14.333846,2355,2433,4788,22,0.949798897661254,4554.28571428571
"143",2011-05-30,"2","0","5",TRUE,"1",FALSE,"1",30.066653,33.5546,68.5,8.792075,1549,2549,4098,22,0.949798897661254,4554.28571428571
"144",2011-05-31,"2","0","5",FALSE,"2",TRUE,"1",31.775,36.26915,63.6667,7.459043,673,3309,3982,22,0.949798897661254,4554.28571428571
"145",2011-06-01,"2","0","6",FALSE,"3",TRUE,"2",31.330847,36.04835,67.7083,13.875164,513,3461,3974,22,0.949798897661254,4554.28571428571
"146",2011-06-02,"2","0","6",FALSE,"4",TRUE,"1",29.315,32.1971,30.5,19.583229,736,4232,4968,22,0.949798897661254,4554.28571428571
"147",2011-06-03,"2","0","6",FALSE,"5",TRUE,"1",25.42,29.35665,35.4167,16.959107,898,4414,5312,22,0.949798897661254,4554.28571428571
"148",2011-06-04,"2","0","6",FALSE,"6",FALSE,"1",26.035,29.7348,45.625,8.250514,1869,3473,5342,23,1.02042032622334,4647.28571428571
"149",2011-06-05,"2","0","6",FALSE,"0",FALSE,"2",26.581653,30.8402,65.25,9.292364,1685,3221,4906,23,1.02042032622334,4647.28571428571
"150",2011-06-06,"2","0","6",FALSE,"1",TRUE,"1",27.811653,31.0929,60,8.167032,673,3875,4548,23,1.02042032622334,4647.28571428571
"151",2011-06-07,"2","0","6",FALSE,"2",TRUE,"1",29.0075,32.7975,59.7917,12.583136,763,4070,4833,23,1.02042032622334,4647.28571428571
"152",2011-06-08,"2","0","6",FALSE,"3",TRUE,"1",31.809153,36.36395,62.2083,9.166739,676,3725,4401,23,1.02042032622334,4647.28571428571
"153",2011-06-09,"2","0","6",FALSE,"4",TRUE,"2",33.141653,37.87895,56.8333,10.042161,563,3352,3915,23,1.02042032622334,4647.28571428571
"154",2011-06-10,"2","0","6",FALSE,"5",TRUE,"1",30.955,35.1646,60.5,9.417118,815,3771,4586,23,1.02042032622334,4647.28571428571
"155",2011-06-11,"2","0","6",FALSE,"6",FALSE,"1",29.725,33.9019,65.4583,10.37495,1729,3237,4966,24,1.01835172604593,4732.57142857143
"156",2011-06-12,"2","0","6",FALSE,"0",FALSE,"1",28.3925,32.16625,74.7917,10.958989,1467,2993,4460,24,1.01835172604593,4732.57142857143
"157",2011-06-13,"2","0","6",FALSE,"1",TRUE,"1",26.035,30.0827,49.4583,20.45845,863,4157,5020,24,1.01835172604593,4732.57142857143
"158",2011-06-14,"2","0","6",FALSE,"2",TRUE,"1",24.770847,29.5773,50.7083,18.041961,727,4164,4891,24,1.01835172604593,4732.57142857143
"159",2011-06-15,"2","0","6",FALSE,"3",TRUE,"1",25.693347,29.3877,47.1667,11.250104,769,4411,5180,24,1.01835172604593,4732.57142857143
"160",2011-06-16,"2","0","6",FALSE,"4",TRUE,"2",25.761653,29.7673,68.8333,13.833557,545,3222,3767,24,1.01835172604593,4732.57142857143
"161",2011-06-17,"2","0","6",FALSE,"5",TRUE,"1",26.615847,30.01915,73.5833,9.582943,863,3981,4844,24,1.01835172604593,4732.57142857143
"162",2011-06-18,"2","0","6",FALSE,"6",FALSE,"1",28.563347,32.1977,67.0417,8.000336,1807,3312,5119,25,0.996015455204057,4713.71428571429
"163",2011-06-19,"2","0","6",FALSE,"0",FALSE,"2",28.665847,32.2923,66.6667,6.834,1639,3105,4744,25,0.996015455204057,4713.71428571429
"164",2011-06-20,"2","0","6",FALSE,"1",TRUE,"2",26.035,29.7673,74.625,10.416825,699,3311,4010,25,0.996015455204057,4713.71428571429
"165",2011-06-21,"3","0","6",FALSE,"2",TRUE,"2",27.914153,31.8823,77.0417,11.458675,774,4061,4835,25,0.996015455204057,4713.71428571429
"166",2011-06-22,"3","0","6",FALSE,"3",TRUE,"1",30.066653,34.69145,70.75,11.541554,661,3846,4507,25,0.996015455204057,4713.71428571429
"167",2011-06-23,"3","0","6",FALSE,"4",TRUE,"2",29.861653,34.69165,70.3333,15.999868,746,4044,4790,25,0.996015455204057,4713.71428571429
"168",2011-06-24,"3","0","6",FALSE,"5",TRUE,"1",29.690847,32.82915,57.3333,14.875675,969,4022,4991,25,0.996015455204057,4713.71428571429
"169",2011-06-25,"3","0","6",FALSE,"6",FALSE,"1",28.495,32.16565,48.3333,14.041257,1782,3420,5202,26,1.08998060370954,5137.85714285714
"170",2011-06-26,"3","0","6",FALSE,"0",FALSE,"1",27.88,31.88145,51.3333,6.3337311,1920,3385,5305,26,1.08998060370954,5137.85714285714
"171",2011-06-27,"3","0","6",FALSE,"1",TRUE,"2",27.9825,31.8502,65.8333,7.208396,854,3854,4708,26,1.08998060370954,5137.85714285714
"172",2011-06-28,"3","0","6",FALSE,"2",TRUE,"1",30.510847,34.6279,63.4167,9.666961,732,3916,4648,26,1.08998060370954,5137.85714285714
"173",2011-06-29,"3","0","6",FALSE,"3",TRUE,"1",29.861653,32.7344,49.7917,17.542007,848,4377,5225,26,1.08998060370954,5137.85714285714
"174",2011-06-30,"3","0","6",FALSE,"4",TRUE,"1",28.563347,31.8504,43.4167,12.415904,1027,4488,5515,26,1.08998060370954,5137.85714285714
"175",2011-07-01,"3","0","7",FALSE,"5",TRUE,"1",29.6225,32.6081,39.625,6.874736,1246,4116,5362,26,1.08998060370954,5137.85714285714
"176",2011-07-02,"3","0","7",FALSE,"6",FALSE,"1",30.271653,33.3654,44.4583,7.709154,2204,2915,5119,27,0.938050882802725,4819.57142857143
"177",2011-07-03,"3","0","7",FALSE,"0",FALSE,"2",29.383347,33.42875,68.25,15.333486,2282,2367,4649,27,0.938050882802725,4819.57142857143
"178",2011-07-04,"3","0","7",TRUE,"1",FALSE,"2",29.793347,33.27085,63.7917,5.4591064,3065,2978,6043,27,0.938050882802725,4819.57142857143
"179",2011-07-05,"3","0","7",FALSE,"2",TRUE,"1",30.613347,34.8169,59.0417,8.459286,1031,3634,4665,27,0.938050882802725,4819.57142857143
"180",2011-07-06,"3","0","7",FALSE,"3",TRUE,"1",29.52,34.28165,74.3333,10.042161,784,3845,4629,27,0.938050882802725,4819.57142857143
"181",2011-07-07,"3","0","7",FALSE,"4",TRUE,"1",30.75,34.34355,65.125,10.6664,754,3838,4592,27,0.938050882802725,4819.57142857143
"182",2011-07-08,"3","0","7",FALSE,"5",TRUE,"2",29.075847,33.52415,75.7917,15.083643,692,3348,4040,27,0.938050882802725,4819.57142857143
"183",2011-07-09,"3","0","7",FALSE,"6",FALSE,"1",30.066653,33.2079,60.9167,11.250104,1988,3348,5336,28,0.993716098052583,4789.28571428571
"184",2011-07-10,"3","0","7",FALSE,"0",FALSE,"1",30.6475,34.50125,57.8333,12.292557,1743,3138,4881,28,0.993716098052583,4789.28571428571
"185",2011-07-11,"3","0","7",FALSE,"1",TRUE,"1",31.2625,36.4902,63.5833,18.916579,723,3363,4086,28,0.993716098052583,4789.28571428571
"186",2011-07-12,"3","0","7",FALSE,"2",TRUE,"1",32.560847,36.96375,55.9167,13.417018,662,3596,4258,28,0.993716098052583,4789.28571428571
"187",2011-07-13,"3","0","7",FALSE,"3",TRUE,"1",30.613347,34.4702,63.1667,9.790911,748,3594,4342,28,0.993716098052583,4789.28571428571
"188",2011-07-14,"3","0","7",FALSE,"4",TRUE,"1",27.914153,31.7552,47.625,16.124689,888,4196,5084,28,0.993716098052583,4789.28571428571
"189",2011-07-15,"3","0","7",FALSE,"5",TRUE,"1",27.196653,31.21855,59.125,12.249811,1318,4220,5538,28,0.993716098052583,4789.28571428571
"190",2011-07-16,"3","0","7",FALSE,"6",FALSE,"1",28.153347,31.91315,58.5,13.958914,2418,3505,5923,29,0.946368381804623,4532.42857142857
"191",2011-07-17,"3","0","7",FALSE,"0",FALSE,"1",29.485847,33.49165,60.4167,16.417211,2006,3296,5302,29,0.946368381804623,4532.42857142857
"192",2011-07-18,"3","0","7",FALSE,"1",TRUE,"1",30.613347,35.19625,65.125,14.458868,841,3617,4458,29,0.946368381804623,4532.42857142857
"193",2011-07-19,"3","0","7",FALSE,"2",TRUE,"1",31.843347,37.37395,65.0417,8.7502,752,3789,4541,29,0.946368381804623,4532.42857142857
"194",2011-07-20,"3","0","7",FALSE,"3",TRUE,"1",31.501653,37.3425,70.7083,7.625739,644,3688,4332,29,0.946368381804623,4532.42857142857
"195",2011-07-21,"3","0","7",FALSE,"4",TRUE,"2",33.415,41.31855,69.125,14.875407,632,3152,3784,29,0.946368381804623,4532.42857142857
"196",2011-07-22,"3","0","7",FALSE,"5",TRUE,"1",34.781653,42.0448,58.0417,8.9177,562,2825,3387,29,0.946368381804623,4532.42857142857
"197",2011-07-23,"3","0","7",FALSE,"6",FALSE,"1",34.815847,40.21435,50,8.791807,987,2298,3285,30,0.889242600939263,4030.42857142857
"198",2011-07-24,"3","0","7",FALSE,"0",FALSE,"1",34.03,39.74145,55.0833,11.334457,1050,2556,3606,30,0.889242600939263,4030.42857142857
"199",2011-07-25,"3","0","7",FALSE,"1",TRUE,"1",30.476653,36.0479,75.7083,6.0841561,568,3272,3840,30,0.889242600939263,4030.42857142857
"200",2011-07-26,"3","0","7",FALSE,"2",TRUE,"1",31.638347,34.84895,54.0833,13.417286,750,3840,4590,30,0.889242600939263,4030.42857142857
"201",2011-07-27,"3","0","7",FALSE,"3",TRUE,"1",31.775,34.53335,40.2917,12.292021,755,3901,4656,30,0.889242600939263,4030.42857142857
"202",2011-07-28,"3","0","7",FALSE,"4",TRUE,"1",31.945847,36.995,58.3333,11.958093,606,3784,4390,30,0.889242600939263,4030.42857142857
"203",2011-07-29,"3","0","7",FALSE,"5",TRUE,"1",34.371653,39.29835,54.25,11.667246,670,3176,3846,30,0.889242600939263,4030.42857142857
"204",2011-07-30,"3","0","7",FALSE,"6",FALSE,"1",32.970847,36.42685,46.5833,11.291979,1559,2916,4475,31,1.09538156169142,4414.85714285714
"205",2011-07-31,"3","0","7",FALSE,"0",FALSE,"1",33.039153,36.4898,48.0833,11.042471,1524,2778,4302,31,1.09538156169142,4414.85714285714
"206",2011-08-01,"3","0","8",FALSE,"1",TRUE,"1",31.638347,35.1646,55.0833,10.500039,729,3537,4266,31,1.09538156169142,4414.85714285714
"207",2011-08-02,"3","0","8",FALSE,"2",TRUE,"1",32.116653,35.35355,49.125,13.79195,801,4044,4845,31,1.09538156169142,4414.85714285714
"208",2011-08-03,"3","0","8",FALSE,"3",TRUE,"2",29.998347,33.99685,65.75,9.084061,467,3107,3574,31,1.09538156169142,4414.85714285714
"209",2011-08-04,"3","0","8",FALSE,"4",TRUE,"2",29.11,33.2394,75.75,13.20905,799,3777,4576,31,1.09538156169142,4414.85714285714
"210",2011-08-05,"3","0","8",FALSE,"5",TRUE,"1",29.144153,32.82835,63.0833,12.374632,1023,3843,4866,31,1.09538156169142,4414.85714285714
"211",2011-08-06,"3","0","8",FALSE,"6",FALSE,"2",29.383347,33.8077,75.5,15.29275,1521,2773,4294,32,1.01876779704893,4497.71428571429
"212",2011-08-07,"3","0","8",FALSE,"0",FALSE,"1",30.4425,35.7646,75.2917,13.499629,1298,2487,3785,32,1.01876779704893,4497.71428571429
"213",2011-08-08,"3","0","8",FALSE,"1",TRUE,"1",31.365,35.16415,59.2083,12.875725,846,3480,4326,32,1.01876779704893,4497.71428571429
"214",2011-08-09,"3","0","8",FALSE,"2",TRUE,"1",31.775,36.20605,57.0417,10.125107,907,3695,4602,32,1.01876779704893,4497.71428571429
"215",2011-08-10,"3","0","8",FALSE,"3",TRUE,"1",31.433347,34.24915,42.4167,13.417286,884,3896,4780,32,1.01876779704893,4497.71428571429
"216",2011-08-11,"3","0","8",FALSE,"4",TRUE,"1",29.4175,32.57605,42.375,11.041332,812,3980,4792,32,1.01876779704893,4497.71428571429
"217",2011-08-12,"3","0","8",FALSE,"5",TRUE,"1",29.041653,32.7021,41.5,8.416607,1051,3854,4905,32,1.01876779704893,4497.71428571429
"218",2011-08-13,"3","0","8",FALSE,"6",FALSE,"2",28.119153,32.2929,72.9583,14.167418,1504,2646,4150,33,0.942859865328421,4240.71428571429
"219",2011-08-14,"3","0","8",FALSE,"0",FALSE,"2",27.743347,31.2194,81.75,14.916411,1338,2482,3820,33,0.942859865328421,4240.71428571429
"220",2011-08-15,"3","0","8",FALSE,"1",TRUE,"1",27.299153,30.80835,71.2083,13.999918,775,3563,4338,33,0.942859865328421,4240.71428571429
"221",2011-08-16,"3","0","8",FALSE,"2",TRUE,"1",28.734153,32.29185,57.8333,15.834043,721,4004,4725,33,0.942859865328421,4240.71428571429
"222",2011-08-17,"3","0","8",FALSE,"3",TRUE,"1",29.656653,33.33355,57.5417,9.625689,668,4026,4694,33,0.942859865328421,4240.71428571429
"223",2011-08-18,"3","0","8",FALSE,"4",TRUE,"1",29.178347,33.1129,65.4583,15.624936,639,3166,3805,33,0.942859865328421,4240.71428571429
"224",2011-08-19,"3","0","8",FALSE,"5",TRUE,"2",28.085,31.66105,72.2917,9.333636,797,3356,4153,33,0.942859865328421,4240.71428571429
"225",2011-08-20,"3","0","8",FALSE,"6",FALSE,"1",28.5975,32.4498,67.4167,6.999289,1914,3277,5191,34,1.11335691426646,4721.42857142857
"226",2011-08-21,"3","0","8",FALSE,"0",FALSE,"1",29.144153,33.77625,77,16.666518,1249,2624,3873,34,1.11335691426646,4721.42857142857
"227",2011-08-22,"3","0","8",FALSE,"1",TRUE,"1",28.358347,31.9127,47,18.54225,833,3925,4758,34,1.11335691426646,4721.42857142857
"228",2011-08-23,"3","0","8",FALSE,"2",TRUE,"1",26.274153,30.30335,45.5417,9.833121,1281,4614,5895,34,1.11335691426646,4721.42857142857
"229",2011-08-24,"3","0","8",FALSE,"3",TRUE,"1",27.606653,31.5346,60.5,16.958236,949,4181,5130,34,1.11335691426646,4721.42857142857
"230",2011-08-25,"3","0","8",FALSE,"4",TRUE,"2",28.050847,32.2927,77.1667,14.125811,435,3107,3542,34,1.11335691426646,4721.42857142857
"231",2011-08-26,"3","0","8",FALSE,"5",TRUE,"1",28.7,32.98665,76.125,5.6254875,768,3893,4661,34,1.11335691426646,4721.42857142857
"232",2011-08-27,"3","0","8",FALSE,"6",FALSE,"2",27.88,31.7778,85,25.166339,226,889,1115,35,0.913373676248109,4312.42857142857
"233",2011-08-28,"3","0","8",FALSE,"0",FALSE,"1",28.989419,32.39795,56.1765,20.412153,1415,2919,4334,35,0.913373676248109,4312.42857142857
"234",2011-08-29,"3","0","8",FALSE,"1",TRUE,"1",26.103347,30.3979,55.4583,10.708275,729,3905,4634,35,0.913373676248109,4312.42857142857
"235",2011-08-30,"3","0","8",FALSE,"2",TRUE,"1",26.205847,29.7352,54.8333,8.375536,775,4429,5204,35,0.913373676248109,4312.42857142857
"236",2011-08-31,"3","0","8",FALSE,"3",TRUE,"1",26.923347,30.55605,59.7917,5.5833311,688,4370,5058,35,0.913373676248109,4312.42857142857
"237",2011-09-01,"3","0","9",FALSE,"4",TRUE,"1",26.855,30.74605,63.9167,9.500332,783,4332,5115,35,0.913373676248109,4312.42857142857
"238",2011-09-02,"3","0","9",FALSE,"5",TRUE,"2",26.376653,30.2404,72.7083,9.375243,875,3852,4727,35,0.913373676248109,4312.42857142857
"239",2011-09-03,"3","0","9",FALSE,"6",FALSE,"1",27.435847,31.66065,71.6667,12.416775,1935,2549,4484,36,0.757511511577831,3266.71428571429
"240",2011-09-04,"3","0","9",FALSE,"0",FALSE,"1",29.075847,33.27145,74.2083,13.833289,2521,2419,4940,36,0.757511511577831,3266.71428571429
"241",2011-09-05,"3","0","9",TRUE,"1",FALSE,"2",27.606653,31.2823,79.0417,14.250632,1236,2115,3351,36,0.757511511577831,3266.71428571429
"242",2011-09-06,"3","0","9",FALSE,"2",TRUE,"3",22.14,25.76,88.6957,23.044181,204,2506,2710,36,0.757511511577831,3266.71428571429
"243",2011-09-07,"3","0","9",FALSE,"3",TRUE,"3",24.565847,27.21145,91.7083,6.5003936,118,1878,1996,36,0.757511511577831,3266.71428571429
"244",2011-09-08,"3","0","9",FALSE,"4",TRUE,"3",25.990433,27.76805,93.9565,12.914116,153,1689,1842,36,0.757511511577831,3266.71428571429
"245",2011-09-09,"3","0","9",FALSE,"5",TRUE,"2",26.65,28.9473,89.7917,8.333393,417,3127,3544,36,0.757511511577831,3266.71428571429
"246",2011-09-10,"3","0","9",FALSE,"6",FALSE,"1",27.06,30.3981,75.375,10.291736,1750,3595,5345,37,1.44623256220755,4724.42857142857
"247",2011-09-11,"3","0","9",FALSE,"0",FALSE,"1",26.786653,30.46145,71.375,7.708618,1633,3413,5046,37,1.44623256220755,4724.42857142857
"248",2011-09-12,"3","0","9",FALSE,"1",TRUE,"1",26.418268,30.1065,69.2174,5.957171,690,4023,4713,37,1.44623256220755,4724.42857142857
"249",2011-09-13,"3","0","9",FALSE,"2",TRUE,"1",26.684153,30.1777,71.25,9.500868,701,4062,4763,37,1.44623256220755,4724.42857142857
"250",2011-09-14,"3","0","9",FALSE,"3",TRUE,"1",27.606653,31.345,69.7083,11.2091,647,4138,4785,37,1.44623256220755,4724.42857142857
"251",2011-09-15,"3","0","9",FALSE,"4",TRUE,"2",23.6775,27.68355,70.9167,18.166782,428,3231,3659,37,1.44623256220755,4724.42857142857
"252",2011-09-16,"3","0","9",FALSE,"5",TRUE,"2",19.235847,23.07375,59.0417,11.000261,742,4018,4760,37,1.44623256220755,4724.42857142857
"253",2011-09-17,"3","0","9",FALSE,"6",FALSE,"2",20.158347,23.9256,71.8333,12.708225,1434,3077,4511,38,0.861993891929485,4072.42857142857
"254",2011-09-18,"3","0","9",FALSE,"0",FALSE,"1",20.8075,24.52685,69.5,11.958361,1353,2921,4274,38,0.861993891929485,4072.42857142857
"255",2011-09-19,"3","0","9",FALSE,"1",TRUE,"2",22.515847,26.48375,69,10.166714,691,3848,4539,38,0.861993891929485,4072.42857142857
"256",2011-09-20,"3","0","9",FALSE,"2",TRUE,"2",23.028347,26.61085,88.125,9.041918,438,3203,3641,38,0.861993891929485,4072.42857142857
"257",2011-09-21,"3","0","9",FALSE,"3",TRUE,"2",24.395,27.52665,90,6.4590814,539,3813,4352,38,0.861993891929485,4072.42857142857
"258",2011-09-22,"3","0","9",FALSE,"4",TRUE,"2",25.761653,27.74815,90.2083,8.584375,555,4240,4795,38,0.861993891929485,4072.42857142857
"259",2011-09-23,"4","0","9",FALSE,"5",TRUE,"2",24.975847,26.10625,97.25,5.2505689,258,2137,2395,38,0.861993891929485,4072.42857142857
"260",2011-09-24,"4","0","9",FALSE,"6",FALSE,"2",24.873347,28.2206,86.25,5.2516811,1776,3647,5423,39,1.16220577402042,4733
"261",2011-09-25,"4","0","9",FALSE,"0",FALSE,"2",26.000847,28.63185,84.5,3.3754064,1544,3466,5010,39,1.16220577402042,4733
"262",2011-09-26,"4","0","9",FALSE,"1",TRUE,"2",26.615847,29.4521,84.8333,7.4169,684,3946,4630,39,1.16220577402042,4733
"263",2011-09-27,"4","0","9",FALSE,"2",TRUE,"2",26.103347,28.72625,88.5417,7.917457,477,3643,4120,39,1.16220577402042,4733
"264",2011-09-28,"4","0","9",FALSE,"3",TRUE,"2",26.035,28.7579,84.875,9.958143,480,3427,3907,39,1.16220577402042,4733
"265",2011-09-29,"4","0","9",FALSE,"4",TRUE,"1",25.283347,28.7256,69.9167,11.583161,653,4186,4839,39,1.16220577402042,4733
"266",2011-09-30,"4","0","9",FALSE,"5",TRUE,"1",23.130847,27.24145,64.75,13.833825,830,4372,5202,39,1.16220577402042,4733
"267",2011-10-01,"4","0","10",FALSE,"6",FALSE,"2",16.81,20.64315,75.375,19.583832,480,1949,2429,40,0.84359059491111,3992.71428571429
"268",2011-10-02,"4","0","10",FALSE,"0",FALSE,"2",14.623347,17.26585,79.1667,14.874871,616,2302,2918,40,0.84359059491111,3992.71428571429
"269",2011-10-03,"4","0","10",FALSE,"1",TRUE,"2",15.750847,19.6023,76.0833,5.5841686,330,3240,3570,40,0.84359059491111,3992.71428571429
"270",2011-10-04,"4","0","10",FALSE,"2",TRUE,"1",19.850847,23.6429,71,13.792218,486,3970,4456,40,0.84359059491111,3992.71428571429
"271",2011-10-05,"4","0","10",FALSE,"3",TRUE,"1",22.071653,26.3569,64.7917,11.87575,559,4267,4826,40,0.84359059491111,3992.71428571429
"272",2011-10-06,"4","0","10",FALSE,"4",TRUE,"1",20.260847,24.02125,62.0833,9.041918,639,4126,4765,40,0.84359059491111,3992.71428571429
"273",2011-10-07,"4","0","10",FALSE,"5",TRUE,"1",20.944153,25.2202,68.4167,1.5002439,949,4036,4985,40,0.84359059491111,3992.71428571429
"274",2011-10-08,"4","0","10",FALSE,"6",FALSE,"1",21.388347,25.6621,70.125,3.0420814,2235,3174,5409,41,1.05810583562918,4224.71428571429
"275",2011-10-09,"4","0","10",FALSE,"0",FALSE,"1",22.174153,26.19915,72.75,4.25115,2397,3114,5511,41,1.05810583562918,4224.71428571429
"276",2011-10-10,"4","0","10",TRUE,"1",FALSE,"1",23.404153,27.14625,73.375,2.8343814,1514,3603,5117,41,1.05810583562918,4224.71428571429
"277",2011-10-11,"4","0","10",FALSE,"2",TRUE,"2",23.233347,27.3048,80.875,9.583814,667,3896,4563,41,1.05810583562918,4224.71428571429
"278",2011-10-12,"4","0","10",FALSE,"3",TRUE,"3",22.276653,25.88585,90.625,16.62605,217,2199,2416,41,1.05810583562918,4224.71428571429
"279",2011-10-13,"4","0","10",FALSE,"4",TRUE,"2",24.155847,27.5902,89.6667,9.499729,290,2623,2913,41,1.05810583562918,4224.71428571429
"280",2011-10-14,"4","0","10",FALSE,"5",TRUE,"2",22.584153,26.48375,71.625,15.000161,529,3115,3644,41,1.05810583562918,4224.71428571429
"281",2011-10-15,"4","0","10",FALSE,"6",FALSE,"1",20.773347,24.93625,48.3333,17.291561,1899,3318,5217,42,1.03131234572076,4357
"282",2011-10-16,"4","0","10",FALSE,"0",FALSE,"1",20.978347,25.1577,48.6667,18.875039,1748,3293,5041,42,1.03131234572076,4357
"283",2011-10-17,"4","0","10",FALSE,"1",TRUE,"1",21.900847,25.53625,57.9583,11.750393,713,3857,4570,42,1.03131234572076,4357
"284",2011-10-18,"4","0","10",FALSE,"2",TRUE,"2",21.8325,26.13605,70.1667,7.375829,637,4111,4748,42,1.03131234572076,4357
"285",2011-10-19,"4","0","10",FALSE,"3",TRUE,"3",22.211299,25.6924,89.5217,16.303713,254,2170,2424,42,1.03131234572076,4357
"286",2011-10-20,"4","0","10",FALSE,"4",TRUE,"1",19.509153,23.32625,63.625,28.292425,471,3724,4195,42,1.03131234572076,4357
"287",2011-10-21,"4","0","10",FALSE,"5",TRUE,"1",17.5275,21.1798,57.4167,14.833532,676,3628,4304,42,1.03131234572076,4357
"288",2011-10-22,"4","0","10",FALSE,"6",FALSE,"1",17.3225,21.2746,62.9167,6.2086689,1499,2809,4308,43,0.913570936752025,3980.42857142857
"289",2011-10-23,"4","0","10",FALSE,"0",FALSE,"1",17.288347,21.11665,74.125,6.6673375,1619,2762,4381,43,0.913570936752025,3980.42857142857
"290",2011-10-24,"4","0","10",FALSE,"1",TRUE,"1",18.996653,22.85335,77.2083,7.959064,699,3488,4187,43,0.913570936752025,3980.42857142857
"291",2011-10-25,"4","0","10",FALSE,"2",TRUE,"1",19.338347,23.16875,62.2917,11.166086,695,3992,4687,43,0.913570936752025,3980.42857142857
"292",2011-10-26,"4","0","10",FALSE,"3",TRUE,"2",19.850847,23.6423,72.0417,9.959014,404,3490,3894,43,0.913570936752025,3980.42857142857
"293",2011-10-27,"4","0","10",FALSE,"4",TRUE,"2",19.27,22.8523,81.2917,13.250121,240,2419,2659,43,0.913570936752025,3980.42857142857
"294",2011-10-28,"4","0","10",FALSE,"5",TRUE,"2",13.564153,15.9406,58.5833,15.375093,456,3291,3747,43,0.913570936752025,3980.42857142857
"295",2011-10-29,"4","0","10",FALSE,"6",FALSE,"3",10.420847,11.39565,88.25,23.541857,57,570,627,44,0.857804256540932,3414.42857142857
"296",2011-10-30,"4","0","10",FALSE,"0",FALSE,"1",13.085847,16.06645,62.375,11.833339,885,2446,3331,44,0.857804256540932,3414.42857142857
"297",2011-10-31,"4","0","10",FALSE,"1",TRUE,"1",13.94,17.80315,70.3333,7.12545,362,3307,3669,44,0.857804256540932,3414.42857142857
"298",2011-11-01,"4","0","11",FALSE,"2",TRUE,"1",16.434153,19.8544,68.375,9.083257,410,3658,4068,44,0.857804256540932,3414.42857142857
"299",2011-11-02,"4","0","11",FALSE,"3",TRUE,"1",15.4775,19.50665,71.875,5.5001439,370,3816,4186,44,0.857804256540932,3414.42857142857
"300",2011-11-03,"4","0","11",FALSE,"4",TRUE,"1",16.741653,20.29605,70.2083,9.166739,318,3656,3974,44,0.857804256540932,3414.42857142857
"301",2011-11-04,"4","0","11",FALSE,"5",TRUE,"2",16.536653,20.1696,62.25,18.209193,470,3576,4046,44,0.857804256540932,3414.42857142857
"302",2011-11-05,"4","0","11",FALSE,"6",FALSE,"1",13.393347,16.1927,51.9167,12.667154,1156,2770,3926,45,1.09723442533785,3746.42857142857
"303",2011-11-06,"4","0","11",FALSE,"0",FALSE,"1",14.281653,18.1179,73.4583,6.1676314,952,2697,3649,45,1.09723442533785,3746.42857142857
"304",2011-11-07,"4","0","11",FALSE,"1",TRUE,"1",16.195,20.04355,75.875,3.834075,373,3662,4035,45,1.09723442533785,3746.42857142857
"305",2011-11-08,"4","0","11",FALSE,"2",TRUE,"1",16.741653,20.6123,72.1667,4.6255125,376,3829,4205,45,1.09723442533785,3746.42857142857
"306",2011-11-09,"4","0","11",FALSE,"3",TRUE,"1",16.4,20.45395,75.8333,4.1671186,305,3804,4109,45,1.09723442533785,3746.42857142857
"307",2011-11-10,"4","0","11",FALSE,"4",TRUE,"2",15.58,18.68605,81.3333,12.667489,190,2743,2933,45,1.09723442533785,3746.42857142857
"308",2011-11-11,"4","0","11",TRUE,"5",FALSE,"1",13.290847,15.34085,44.625,21.083225,440,2928,3368,45,1.09723442533785,3746.42857142857
"309",2011-11-12,"4","0","11",FALSE,"6",FALSE,"1",14.623347,17.8971,55.2917,14.208154,1275,2792,4067,46,0.942878932316492,3532.42857142857
"310",2011-11-13,"4","0","11",FALSE,"0",FALSE,"1",18.074153,21.5275,45.8333,18.875307,1004,2713,3717,46,0.942878932316492,3532.42857142857
"311",2011-11-14,"4","0","11",FALSE,"1",TRUE,"1",21.73,26.2306,58.7083,20.541932,595,3891,4486,46,0.942878932316492,3532.42857142857
"312",2011-11-15,"4","0","11",FALSE,"2",TRUE,"2",21.73,25.37895,68.875,13.375411,449,3746,4195,46,0.942878932316492,3532.42857142857
"313",2011-11-16,"4","0","11",FALSE,"3",TRUE,"3",18.723347,22.5994,93,9.167543,145,1672,1817,46,0.942878932316492,3532.42857142857
"314",2011-11-17,"4","0","11",FALSE,"4",TRUE,"2",14.008347,16.16105,57.5833,20.459254,139,2914,3053,46,0.942878932316492,3532.42857142857
"315",2011-11-18,"4","0","11",FALSE,"5",TRUE,"1",11.240847,13.63605,41,11.291711,245,3147,3392,46,0.942878932316492,3532.42857142857
"316",2011-11-19,"4","0","11",FALSE,"6",FALSE,"1",13.495847,16.22415,50.2083,15.041232,943,2720,3663,47,0.744449387309419,2629.71428571429
"317",2011-11-20,"4","0","11",FALSE,"0",FALSE,"2",18.996653,22.8529,68.4583,12.45865,787,2733,3520,47,0.744449387309419,2629.71428571429
"318",2011-11-21,"4","0","11",FALSE,"1",TRUE,"3",18.3475,22.2531,91,9.249618,220,2545,2765,47,0.744449387309419,2629.71428571429
"319",2011-11-22,"4","0","11",FALSE,"2",TRUE,"3",17.083347,21.0848,96.25,7.959064,69,1538,1607,47,0.744449387309419,2629.71428571429
"320",2011-11-23,"4","0","11",FALSE,"3",TRUE,"2",18.074153,21.52685,75.7917,22.500275,112,2454,2566,47,0.744449387309419,2629.71428571429
"321",2011-11-24,"4","0","11",TRUE,"4",FALSE,"1",15.306653,18.62355,54.9167,11.209368,560,935,1495,47,0.744449387309419,2629.71428571429
"322",2011-11-25,"4","0","11",FALSE,"5",TRUE,"1",15.375,19.03355,64.375,6.6260186,1095,1697,2792,47,0.744449387309419,2629.71428571429
"323",2011-11-26,"4","0","11",FALSE,"6",FALSE,"1",15.409153,19.25435,68.1667,4.5841936,1249,1819,3068,48,1.31464580617123,3457.14285714286
"324",2011-11-27,"4","0","11",FALSE,"0",FALSE,"1",18.825847,22.79,69.8333,13.999918,810,2261,3071,48,1.31464580617123,3457.14285714286
"325",2011-11-28,"4","0","11",FALSE,"1",TRUE,"1",20.642598,24.5061,74.3043,9.522174,253,3614,3867,48,1.31464580617123,3457.14285714286
"326",2011-11-29,"4","0","11",FALSE,"2",TRUE,"2",18.791653,22.56875,83.0833,17.292164,96,2818,2914,48,1.31464580617123,3457.14285714286
"327",2011-11-30,"4","0","11",FALSE,"3",TRUE,"1",13.325,15.56105,61.3333,18.167586,188,3425,3613,48,1.31464580617123,3457.14285714286
"328",2011-12-01,"4","0","12",FALSE,"4",TRUE,"1",12.8125,15.2777,52.4583,14.750586,182,3545,3727,48,1.31464580617123,3457.14285714286
"329",2011-12-02,"4","0","12",FALSE,"5",TRUE,"1",12.880847,16.57165,62.5833,6.750518,268,3672,3940,48,1.31464580617123,3457.14285714286
"330",2011-12-03,"4","0","12",FALSE,"6",FALSE,"1",12.265847,15.5302,61.2917,6.4174811,706,2908,3614,49,0.87400826446281,3021.57142857143
"331",2011-12-04,"4","0","12",FALSE,"0",FALSE,"1",13.564153,17.455,77.5833,5.6252061,634,2851,3485,49,0.87400826446281,3021.57142857143
"332",2011-12-05,"4","0","12",FALSE,"1",TRUE,"2",15.819153,19.69625,82.7083,4.1679561,233,3578,3811,49,0.87400826446281,3021.57142857143
"333",2011-12-06,"4","0","12",FALSE,"2",TRUE,"3",18.9625,22.82,94.9583,15.583061,126,2468,2594,49,0.87400826446281,3021.57142857143
"334",2011-12-07,"4","0","12",FALSE,"3",TRUE,"3",16.81,20.0123,97.0417,17.833725,50,655,705,49,0.87400826446281,3021.57142857143
"335",2011-12-08,"4","0","12",FALSE,"4",TRUE,"1",10.899153,12.8469,58,16.083886,150,3172,3322,49,0.87400826446281,3021.57142857143
"336",2011-12-09,"4","0","12",FALSE,"5",TRUE,"1",11.924153,15.8771,69.5833,5.5420189,261,3359,3620,49,0.87400826446281,3021.57142857143
"337",2011-12-10,"4","0","12",FALSE,"6",FALSE,"1",11.275,13.3206,50.75,15.625807,502,2688,3190,50,1.12486407262068,3398.85714285714
"338",2011-12-11,"4","0","12",FALSE,"0",FALSE,"1",9.054153,12.6577,49,4.4582939,377,2366,2743,50,1.12486407262068,3398.85714285714
"339",2011-12-12,"4","0","12",FALSE,"1",TRUE,"1",9.771653,13.5098,67.0833,4.25115,143,3167,3310,50,1.12486407262068,3398.85714285714
"340",2011-12-13,"4","0","12",FALSE,"2",TRUE,"1",11.5825,15.0569,59,9.41685,155,3368,3523,50,1.12486407262068,3398.85714285714
"341",2011-12-14,"4","0","12",FALSE,"3",TRUE,"2",13.0175,16.9181,66.375,4.0842061,178,3562,3740,50,1.12486407262068,3398.85714285714
"342",2011-12-15,"4","0","12",FALSE,"4",TRUE,"2",17.3225,20.61185,63.4167,17.958814,181,3528,3709,50,1.12486407262068,3398.85714285714
"343",2011-12-16,"4","0","12",FALSE,"5",TRUE,"2",15.375,17.99125,50.0417,17.458525,178,3399,3577,50,1.12486407262068,3398.85714285714
"344",2011-12-17,"4","0","12",FALSE,"6",FALSE,"2",10.591653,12.46855,56.0833,16.292189,275,2464,2739,51,0.851546738399462,2894.28571428571
"345",2011-12-18,"4","0","12",FALSE,"0",FALSE,"1",9.771653,12.27895,58.625,11.375193,220,2211,2431,51,0.851546738399462,2894.28571428571
"346",2011-12-19,"4","0","12",FALSE,"1",TRUE,"1",11.343347,14.04665,63.75,11.584032,260,3143,3403,51,0.851546738399462,2894.28571428571
"347",2011-12-20,"4","0","12",FALSE,"2",TRUE,"2",15.819153,19.8227,59.5417,4.1252436,216,3534,3750,51,0.851546738399462,2894.28571428571
"348",2011-12-21,"1","0","12",FALSE,"3",TRUE,"2",17.561653,21.40085,85.8333,14.8338,107,2553,2660,51,0.851546738399462,2894.28571428571
"349",2011-12-22,"1","0","12",FALSE,"4",TRUE,"2",17.356653,21.30605,75.75,3.167425,227,2841,3068,51,0.851546738399462,2894.28571428571
"350",2011-12-23,"1","0","12",FALSE,"5",TRUE,"1",15.306653,18.87565,68.625,18.374482,163,2046,2209,51,0.851546738399462,2894.28571428571
"351",2011-12-24,"1","0","12",FALSE,"6",FALSE,"1",12.4025,14.9621,54.25,12.750368,155,856,1011,52,0.590720631786772,1709.71428571429
"352",2011-12-25,"1","0","12",FALSE,"0",FALSE,"1",11.266103,13.99805,68.1304,10.391097,303,451,754,52,0.590720631786772,1709.71428571429
"353",2011-12-26,"1","0","12",TRUE,"1",FALSE,"1",13.191299,15.77675,50.6957,16.044155,430,887,1317,52,0.590720631786772,1709.71428571429
"354",2011-12-27,"1","0","12",FALSE,"2",TRUE,"2",13.325,16.38165,76.25,12.62615,103,1059,1162,52,0.590720631786772,1709.71428571429
"355",2011-12-28,"1","0","12",FALSE,"3",TRUE,"1",12.26433,13.9987,50.3913,19.695387,255,2047,2302,52,0.590720631786772,1709.71428571429
"356",2011-12-29,"1","0","12",FALSE,"4",TRUE,"1",10.181653,13.1946,57.4167,8.000604,254,2169,2423,52,0.590720631786772,1709.71428571429
"357",2011-12-30,"1","0","12",FALSE,"5",TRUE,"1",12.778347,15.9406,63.6667,9.000579,491,2508,2999,52,0.590720631786772,1709.71428571429
